email,password,last_name,first_name,Full_name,Country,Address,City,Zip_code,Province,phone,card_number,cvc, Expiration Date ,gender,language,,,,,
manager_sensors.6j@icloud.com,Cloud97!in,Christian,Wood,Christian Wood,USA,113 Park Ave,New York City,07201,New York,9178451022,4288670005005637,269,10/30,male,english,,,,,59
apogee_seraph7s@icloud.com,Mango52#up,Hazel,Barnes,Hazel Barnes,USA,1679 Pearl St,Elizabeth,10023,New Jersey,9082654518,4288670006301829,793,10/30,male,english,,,,,61
tissues-76.blazer@icloud.com,Rapid86$ko,Josiah,Ross,Josiah Ross,USA,1399 W 23rd St,Fort Lee,10036,New York,2016862232,4288670005452011,607,10/30,male,english,,,,,67
bayous.heaters.74@icloud.com,Green31%me,Camila,Henderson,Camila Henderson,USA,521 Fifth Ave,Hoboken,10031,New York,2013943763,4288670008856200,628,10/30,male,english,,,,,71
ice.rancor-89@icloud.com,Happy93&go,Charles,Coleman,Charles Coleman,USA,814 River Rd,Queens,10029,New Jersey,3474764663,4288670002914393,388,10/30,male,english,,,,,
cypher.method_6a@icloud.com,Ocean74*hi,Paisley,Jenkins,Paisley Jenkins,USA,940 Broadway,Newark,11419,New Jersey,8626805650,4288670004026584,687,10/30,male,english,,,,,
hearing-drinks-5i@icloud.com,Sunny56@me,Hunter,Perry,Hunter Perry,USA,949 Mulberry St,Queens,11211,New Jersey,3473186385,4288670008592771,945,10/30,male,english,,,,,
host-bore-5h@icloud.com,Zebra81!up,Aurora,Powell,Aurora Powell,USA,833 Oak St,Fort Lee,07201,New Jersey,5516572230,4288670003012965,155,10/30,male,english,,,,,
dinners.yield-2v@icloud.com,Dream69#ok,Christopher,Long,Christopher Long,USA,399 Elm St,Yonkers,11210,New York,9144195884,4288670003687154,191,10/30,male,english,,,,,
grubs.valued_85@icloud.com,Fuzzy47$me,Lucy,Patterson,Lucy Patterson,USA,1231 Cedar St,Yonkers,07030,New Jersey,9146162218,4288670007015345,357,10/30,male,english,,,,,
atom.crick1x@icloud.com,Cozy82%go,Thomas,Hughes,Thomas Hughes,USA,1271 Prospect Ave,Union City,10302,New York,2016634419,4288670009397535,974,10/30,male,english,,,,,
chalky.metals.9q@icloud.com,Storm95&hi,Mila,Flores,Mila Flores,USA,1997 Franklin St,Union City,11217,New Jersey,5515127457,4288670007233724,986,10/30,male,english,,,,,
merger.biology-9v@icloud.com,Panda64*me,Hudson,Washington,Hudson Washington,USA,127 Ridge Rd,Elizabeth,10002,New Jersey,9085342628,4288670007233724,966,10/30,male,english,,,,,